Nurse_ID,First Name,Last Name,Doctor_ID,Dept_ID
1,Judy,Jones,1,101
2,Karen,Harris,2,102
3,Jennifer,Parrish,3,103
4,Taylor,Dale,4,104
5,Ryan,Tanner,5,105
6,Leigh,Gale,6,106
7,Fran,Argo,7,107
8,Jaime,Reign,8,108
9,Ashley,Powers,9,109
10,Haiden,Sawyer,10,110
11,Lynn,Parker,11,111
12,Caden,Hammer,12,112
13,Casey,Bloom,13,113
14,Tyler,David,14,114
15,Jackie,Lord,15,115
16,Jamie,Perry,16,116
17,Carmen,Vance,17,101
18,Lane,Seymour,18,102
19,Ash,Day,19,103
20,Robin,Apollo,20,104
21,Reed,Scott,21,105
22,Sammy,Park,22,106
23,Logan,Lloyd,23,107
24,Alexis,Tucker,24,108
25,Jordan,Thomas,25,109
26,Jo,Philips,26,110
27,Cory,Scott,27,111
28,Terry,Waters,28,112
29,Jesse,Penn,29,113
30,Robin,Sierra,30,114
31,Jessie,Park,1,115
32,Mason,Dee,2,116
33,Leslie,Kerry,13,101
34,Bailey,Foster,4,102
35,Addison,Wilde,15,103
36,Noel,Nolan,6,104
37,Alexis,James,27,105
38,Cameron,Duke,28,106
39,Carol,Diamond,19,107
40,Kit,Miles,10,108
41,Zara,Johnson,11,109
42,Abhishek,Riponche,22,110
